ID_REF,GSM534572,GSM536096,GSM536097,GSM536098
SNP00002,-1,-1,-1,-1
SNP00004,-1,-1,-1,-1
SNP00011,-1,-1,-1,-1
SNP00012,-1,-1,-1,-1
SNP00013,0.304,-1,-1,-1
SNP00018,0.854,-1,-1,-1
SNP00019,0.102,-1,-1,-1
SNP00020,-1,-1,-1,-1
SNP00021,-1,-1,-1,-1
SNP00026,-1,-1,-1,-1
SNP00033,-1,-1,-1,-1
SNP00038,0.175,0.211,-1,-1
SNP00040,-1,-1,-1,-1
SNP00041,-1,-1,-1,-1
SNP00043,-1,0.848,-1,-1
SNP00044,-1,-1,-1,-1
SNP00046,-1,-1,-1,-1
SNP00050,-1,0.81,-1,-1
SNP00051,-1,-1,-1,-1
SNP00052,-1,-1,-1,-1
SNP00055,-1,-1,-1,-1
SNP00056,-1,-1,-1,-1
SNP00057,-1,-1,-1,-1
SNP00058,-1,-1,-1,-1
SNP00059,-1,-1,-1,-1
SNP00060,-1,-1,-1,-1
SNP00061,-1,-1,-1,-1
SNP00062,-1,-1,-1,-1
SNP00063,-1,-1,-1,-1
SNP00064,-1,-1,-1,-1
SNP00068,-1,-1,-1,-1
SNP00069,-1,-1,-1,-1
SNP00070,-1,-1,-1,-1
SNP00071,-1,-1,-1,-1
SNP00077,-1,-1,-1,-1
SNP00078,-1,-1,-1,-1
SNP00079,-1,-1,-1,-1
SNP00088,-1,-1,-1,-1
SNP00095,-1,-1,-1,-1
SNP00098,-1,-1,-1,-1
SNP00099,-1,-1,-1,-1
SNP00100,-1,-1,-1,-1
SNP00107,-1,-1,-1,-1
SNP00109,-1,-1,-1,-1
SNP00110,-1,-1,-1,-1
SNP00120,-1,-1,-1,-1
SNP00159,-1,-1,-1,-1
SNP00178,-1,-1,-1,-1
SNP00219,0.71,0.092,-1,-1
SNP00220,-1,-1,-1,-1
SNP00225,-1,-1,-1,-1
SNP00226,-1,-1,-1,-1
SNP00229,-1,-1,-1,-1
SNP00237,-1,-1,-1,-1
SNP00242,-1,-1,-1,-1
SNP00247,-1,-1,-1,-1
SNP00250,-1,-1,-1,-1
SNP00259,-1,-1,-1,-1
SNP00271,-1,-1,-1,-1
SNP00277,-1,-1,-1,-1
SNP00282,0.367,-1,-1,-1
SNP00283,-1,-1,-1,-1
SNP00285,-1,-1,-1,-1
SNP00286,0.682,0.452,-1,-1
SNP00287,-1,-1,-1,-1
SNP00422,-1,-1,-1,-1
SNP00425,0.902,-1,-1,-1
SNP00426,0.885,-1,-1,-1
SNP00433,-1,-1,-1,-1
SNP00434,0.919,-1,-1,-1
SNP00435,-1,-1,-1,-1
SNP00437,-1,-1,-1,-1
SNP00452,-1,-1,-1,-1
SNP00473,-1,-1,-1,-1
SNP00490,-1,-1,-1,-1
SNP00491,-1,-1,-1,-1
SNP00493,0.105,-1,-1,-1
SNP00494,-1,-1,-1,-1
SNP00495,-1,0.828,-1,-1
SNP00496,-1,-1,-1,-1
SNP00504,-1,-1,-1,-1
SNP00505,-1,-1,-1,-1
SNP00506,-1,-1,-1,-1
SNP00507,-1,-1,-1,-1
SNP00509,-1,-1,-1,-1
SNP00510,-1,0.104,-1,-1
SNP00511,-1,-1,-1,-1
SNP00513,-1,-1,-1,-1
SNP00514,-1,-1,-1,-1
SNP00515,-1,-1,-1,-1
SNP00518,-1,-1,-1,-1
SNP00519,-1,-1,-1,-1
SNP00521,-1,0.874,-1,-1
SNP00522,-1,-1,-1,-1
SNP00523,-1,-1,-1,-1
SNP00524,-1,0.545,-1,-1
SNP00525,-1,-1,-1,-1
SNP00526,-1,-1,-1,-1
SNP00527,-1,-1,-1,-1
SNP00530,-1,-1,0.032,-1
SNP00531,-1,-1,-1,-1
SNP00532,-1,-1,-1,-1
SNP00533,-1,-1,-1,-1
SNP00534,-1,-1,-1,-1
SNP00535,-1,-1,-1,-1
SNP00536,-1,-1,-1,-1
SNP00537,-1,-1,-1,-1
SNP00539,-1,-1,-1,-1
SNP00548,-1,-1,-1,-1
SNP00550,-1,-1,-1,-1
SNP00551,-1,-1,-1,-1
SNP00555,-1,-1,-1,-1
SNP00558,-1,-1,-1,-1
SNP00559,-1,-1,-1,-1
SNP00563,-1,-1,-1,-1
SNP00565,-1,-1,-1,-1
SNP00568,0.891,-1,-1,-1
SNP00569,-1,-1,-1,-1
SNP00570,-1,0.089,-1,-1
SNP00572,-1,-1,-1,-1
SNP00573,-1,-1,-1,-1
SNP00574,0.959,0.05,-1,-1
SNP00575,-1,-1,-1,-1
SNP00577,0.957,0.29,-1,0.946
SNP00578,0.975,0.131,-1,-1
SNP00583,-1,-1,-1,-1
SNP00613,0.899,-1,-1,-1
SNP00614,0.918,-1,-1,-1
SNP00615,-1,-1,-1,-1
SNP00616,0.824,0.153,-1,-1
SNP00618,-1,-1,-1,-1
SNP00619,0.879,-1,-1,-1
SNP00620,-1,-1,-1,-1
SNP00621,-1,-1,-1,-1
SNP00622,-1,-1,-1,-1
SNP00623,0.683,-1,-1,0.258
SNP00624,-1,-1,-1,-1
SNP00625,-1,-1,-1,-1
SNP00626,-1,-1,-1,-1
SNP00627,-1,-1,-1,-1
SNP00628,-1,-1,-1,-1
SNP00635,-1,-1,-1,-1
SNP00636,0.957,0.207,-1,-1
SNP00645,-1,-1,-1,-1
SNP00646,-1,0.152,-1,-1
SNP00647,0.117,-1,-1,-1
SNP00649,-1,-1,-1,-1
SNP00650,-1,-1,-1,-1
SNP00651,-1,-1,-1,-1
SNP00654,-1,-1,-1,-1
SNP00655,-1,-1,-1,-1
SNP00656,0.857,0.215,-1,-1
SNP00657,-1,-1,-1,-1
SNP00658,-1,-1,-1,-1
SNP00659,-1,-1,-1,-1
SNP00660,-1,-1,-1,-1
SNP00661,0.81,-1,-1,-1
SNP00662,-1,-1,-1,-1
SNP00663,-1,-1,-1,-1
SNP00664,-1,0.868,-1,-1
SNP00666,-1,-1,-1,-1
SNP00667,0.778,0.045,-1,0.107
SNP00668,0.87,-1,-1,-1
SNP00670,0.935,0.311,-1,0.963
SNP00671,0.967,0.055,-1,-1
SNP00672,0.984,0.013,-1,-1
SNP00673,0.988,0.031,-1,-1
SNP00687,0.988,0.024,-1,-1
SNP00688,0.964,0.046,-1,-1
SNP00689,0.962,0.045,-1,-1
SNP00690,0.376,0.112,-1,-1
SNP00691,0.944,0.047,-1,-1
SNP00692,-1,-1,-1,-1
SNP00704,0.791,0.708,0.96,-1
SNP00705,0.516,0.61,0.96,0.033
SNP00706,0.588,0.613,-1,0.928
SNP00710,0.222,0.359,-1,-1
SNP00711,0.987,0.024,-1,-1
SNP00712,0.99,0.026,-1,-1
SNP00713,0.715,0.716,-1,0.963
SNP00714,0.991,0.026,-1,-1
SNP00715,0.86,-1,0.046,0.049
SNP00716,0.989,0.022,-1,-1
SNP00717,0.302,0.263,0.969,0.797
SNP00718,0.984,0.031,-1,-1
SNP00719,0.203,0.216,-1,-1
SNP00720,0.986,0.019,-1,-1
SNP00721,0.927,0.011,-1,-1
SNP00722,0.387,0.339,-1,0.228
SNP00733,0.983,0.023,-1,-1
SNP00734,0.986,0.019,-1,-1
SNP00735,0.415,0.543,-1,0.041
SNP00736,0.989,0.034,-1,-1
SNP00738,0.859,0.202,0.074,0.045
SNP00739,0.98,0.021,-1,-1
SNP00740,0.989,0.035,-1,-1
SNP00741,0.98,0.117,-1,-1
SNP00742,-1,-1,0.566,0.552
SNP00744,0.607,0.89,0.979,0.262
SNP00745,0.979,0.019,-1,-1
SNP00747,0.96,0.041,-1,-1
SNP00748,0.99,0.018,-1,-1
SNP00749,0.989,0.048,-1,-1
SNP00754,0.893,0.013,-1,-1
SNP00755,0.939,0.055,-1,-1
SNP00757,0.878,0.107,-1,-1
SNP00762,0.992,0.027,-1,-1
SNP00763,0.982,0.052,-1,-1
SNP00764,0.541,0.203,-1,0.962
SNP00766,0.98,0.01,-1,-1
SNP00768,0.576,0.908,0.05,0.943
SNP00769,0.961,0.014,-1,-1
SNP00770,0.981,0.018,-1,-1
SNP00771,0.976,0.108,-1,-1
SNP00772,0.195,0.554,-1,-1
SNP00773,0.972,0.023,-1,-1
SNP00775,0.974,0.025,-1,-1
SNP00777,0.367,0.816,0.937,0.804
SNP00779,-1,0.225,-1,-1
SNP00780,0.947,0.506,-1,-1
SNP00781,0.959,0.034,-1,-1
SNP00782,0.789,0.359,0.959,0.918
SNP00783,0.789,0.107,-1,0.951
SNP00786,0.984,0.016,0.974,0.965
SNP00787,0.986,0.031,-1,-1
SNP00790,0.985,0.037,-1,-1
SNP00791,0.922,0.032,-1,-1
SNP00792,0.519,0.644,0.949,0.958
SNP00793,0.763,0.95,-1,0.956
SNP00795,0.986,0.023,-1,-1
SNP00796,0.977,0.021,-1,-1
SNP00797,0.601,0.781,0.905,0.793
SNP00801,0.972,0.019,-1,-1
SNP00804,0.987,0.015,-1,-1
SNP00805,0.253,0.892,0.8,0.756
SNP00818,0.474,0.934,0.912,0.629
SNP00820,0.152,0.817,0.385,0.163
SNP00821,0.229,0.959,0.308,0.108
SNP00822,0.976,0.031,-1,-1
SNP00825,0.971,0.039,-1,-1
SNP00830,0.108,0.671,0.295,0.027
SNP00831,0.172,0.619,0.659,0.415
SNP00834,0.98,0.017,-1,-1
SNP00836,0.19,0.652,-1,-1
SNP00837,0.989,0.027,-1,-1
SNP00844,0.352,0.923,0.967,0.252
SNP00846,0.058,0.461,0.118,0.368
SNP00847,0.985,0.039,-1,-1
SNP00848,0.13,0.634,-1,0.043
SNP00849,0.966,0.057,-1,-1
SNP00853,0.214,0.749,-1,0.057
SNP00854,0.985,0.023,-1,-1
SNP00855,0.989,0.029,0.976,-1
SNP00856,0.966,0.015,-1,-1
SNP00857,0.381,0.842,-1,-1
SNP00858,0.984,0.017,-1,-1
SNP00859,0.983,0.011,-1,-1
SNP00860,0.988,0.012,-1,-1
SNP00863-321,0.052,0.691,0.369,0.215
SNP00864,0.069,0.54,-1,0.037
SNP00866,0.072,-1,0.176,0.099
SNP00868,0.34,0.907,-1,0.952
SNP00869,0.96,0.015,-1,-1
SNP00870,0.456,0.94,0.626,0.561
SNP00871,0.988,0.018,-1,-1
SNP00872,0.296,0.638,0.636,0.376
SNP00873,0.98,0.01,-1,-1
SNP00875,0.486,0.84,-1,-1
SNP00876,0.18,0.555,-1,0.046
SNP00877,0.979,0.011,-1,-1
SNP00879,0.122,0.707,-1,-1
SNP00880,0.981,0.023,-1,0.966
SNP00881,0.57,0.902,-1,0.07
SNP00882,-1,-1,-1,-1
SNP00884,0.979,0.022,-1,-1
SNP00885,0.626,0.903,0.323,0.719
SNP00886,0.294,0.753,0.176,0.395
SNP00887,0.96,0.058,-1,-1
SNP00888,0.972,0.015,0.89,-1
SNP00892,0.96,0.01,-1,-1
SNP00893,0.978,0.01,-1,-1
SNP00900,0.961,0.01,-1,-1
SNP00901,0.986,0.02,-1,-1
SNP00902,0.982,0.122,0.893,-1
SNP00907,0.112,0.761,0.428,0.351
SNP00908,0.231,0.882,-1,0.602
SNP00912,-1,0.891,0.977,0.887
SNP00913,0.401,0.927,0.962,0.225
SNP00915,0.951,0.054,-1,-1
SNP00917,0.984,0.022,-1,-1
SNP00919,0.26,0.89,-1,0.477
SNP00920,0.986,0.019,-1,-1
SNP00922,0.983,0.02,-1,-1
SNP00923,0.146,0.558,-1,0.956
SNP00924,0.942,0.074,-1,-1
SNP00925,0.986,0.019,-1,-1
SNP00926,0.985,0.016,-1,-1
SNP00927,-1,0.864,0.303,-1
SNP00929,0.983,0.041,-1,-1
SNP00931,0.095,0.792,0.594,0.4
SNP00933-321,0.988,0.02,-1,-1
SNP00938,0.183,-1,0.163,0.935
SNP00939,-1,-1,-1,0.088
SNP00940,0.99,0.04,-1,-1
SNP00941-1,0.19,0.416,0.075,0.264
SNP00943,0.094,0.569,0.483,0.3
SNP00944,0.986,0.022,-1,-1
SNP00947,0.302,0.924,0.977,0.767
SNP00948,0.983,0.021,-1,-1
SNP00949,0.953,0.044,-1,-1
SNP00950,0.075,0.509,-1,0.212
SNP00951,0.095,0.554,0.967,0.424
SNP00958,0.421,0.796,0.837,0.683
SNP00959,0.968,0.016,-1,-1
SNP00960,0.252,0.712,0.307,0.323
SNP00962,0.111,0.512,0.269,0.205
SNP00963,0.239,0.587,0.323,0.358
SNP00964,0.111,0.85,0.049,0.73
SNP00965,0.173,0.91,0.541,0.835
SNP01104,0.933,0.218,-1,-1
SNP01160,0.938,0.148,-1,-1
SNP01178,0.948,0.486,-1,-1
SNP01212,0.951,0.138,-1,0.659
SNP01215,0.954,0.063,-1,-1
SNP01216,-1,0.234,-1,-1
SNP01217,0.929,0.311,-1,-1
SNP01224,0.46,0.432,-1,-1
SNP01225,0.971,0.131,-1,-1
SNP01243,-1,-1,-1,-1
SNP01244,-1,-1,-1,-1
SNP01247,-1,-1,-1,-1
SNP01253,0.962,0.074,-1,-1
SNP01256,-1,0.109,-1,-1
SNP01257,-1,0.133,-1,-1
SNP01258,0.975,0.048,-1,-1
SNP01286,0.311,0.049,-1,-1
SNP01288,0.929,0.043,-1,-1
SNP01289,-1,-1,-1,-1
SNP01290,0.67,0.192,-1,-1
SNP01291,-1,-1,-1,-1
SNP01292,0.924,-1,-1,-1
SNP01295,-1,-1,-1,-1
SNP01302,-1,-1,-1,-1
SNP01307,0.852,0.123,-1,-1
SNP01309,-1,-1,-1,-1
SNP01310,-1,-1,-1,-1
SNP01312,0.849,0.039,-1,-1
SNP01313,-1,-1,-1,-1
SNP01351,-1,-1,-1,-1
SNP01354,-1,-1,-1,-1
SNP01355,-1,-1,-1,-1
SNP01357,-1,-1,-1,-1
SNP01361,0.916,0.088,-1,-1
SNP01362,-1,0.842,0.068,-1
SNP01363,-1,-1,-1,-1
SNP01366,0.958,0.036,-1,-1
SNP01367,0.257,0.68,-1,-1
SNP01368,-1,-1,-1,-1
SNP01369,-1,0.121,-1,-1
SNP01373,0.968,0.134,-1,-1
SNP01374,-1,-1,-1,-1
SNP01375,0.883,0.077,-1,-1
SNP01376,0.963,0.124,-1,-1
SNP01380,-1,0.879,-1,-1
SNP01395,0.853,0.801,-1,0.77
SNP01398,-1,-1,-1,-1
SNP01400,-1,-1,-1,-1
SNP01401,-1,0.095,-1,-1
SNP01402,-1,-1,-1,-1
SNP01403,-1,0.086,-1,-1
SNP01404,-1,-1,-1,-1
SNP01405,-1,0.11,-1,-1
SNP01406,0.915,0.076,-1,-1
SNP01412,-1,-1,-1,-1
SNP01413,0.885,0.136,-1,-1
SNP01414,0.872,-1,-1,-1
SNP01415,0.934,0.049,-1,-1
SNP01416,-1,0.057,-1,0.325
SNP01419,-1,0.787,-1,0.55
SNP01421,-1,-1,-1,-1
SNP01422,0.902,-1,-1,-1
SNP01423,-1,-1,-1,-1
SNP01424,-1,-1,-1,-1
SNP01426,-1,0.099,-1,-1
SNP01427,-1,0.732,-1,-1
SNP01428,-1,-1,-1,-1
SNP01430,-1,-1,-1,-1
SNP01433,-1,-1,-1,-1
SNP01434,-1,-1,-1,-1
SNP01448,-1,-1,-1,-1
SNP01449,-1,-1,-1,-1
SNP01450,-1,0.149,-1,-1
SNP01451,0.928,-1,-1,-1
SNP01452,-1,-1,-1,-1
SNP01455,0.874,-1,-1,-1
SNP01456,0.921,0.034,-1,-1
SNP01457,0.941,0.07,-1,-1
SNP01458,0.129,-1,-1,-1
SNP01464,-1,-1,-1,-1
SNP01465,0.959,0.139,-1,-1
SNP01466,-1,-1,-1,-1
SNP01468,-1,-1,-1,-1
SNP01469,0.952,-1,-1,-1
SNP01471,-1,-1,-1,-1
SNP01473,-1,-1,-1,-1
SNP01474,0.977,0.06,-1,-1
SNP01478,0.884,0.256,-1,-1
SNP01484,0.95,0.12,0.1,-1
SNP01486,0.84,0.736,-1,0.702
SNP01488,-1,-1,-1,-1
SNP01489,0.871,0.113,0.101,0.134
SNP01559,0.235,0.134,-1,-1
SNP01595,0.505,0.278,-1,-1
SNP01619,0.387,0.116,0.04,0.048
SNP01627,0.096,0.189,-1,-1
SNP01699,0.547,0.081,-1,-1
SNP01700,0.752,0.574,-1,-1
SNP01702,0.84,0.928,-1,0.971
SNP01729,0.744,0.261,-1,-1
SNP01763,-1,0.203,-1,0.034
SNP01790,0.797,0.907,-1,0.962
SNP01876,-1,-1,-1,-1
SNP01911,-1,-1,-1,-1
SNP01925,-1,-1,-1,-1
SNP01929,0.519,0.221,-1,0.17
SNP01965,-1,0.613,-1,-1
SNP02137,-1,-1,-1,-1
SNP02138,-1,-1,-1,-1
SNP02148,0.965,0.034,-1,-1
SNP02149,-1,-1,-1,-1
SNP02150,0.98,0.038,-1,-1
SNP02151,0.899,0.048,-1,-1
SNP02152,0.983,0.023,-1,-1
SNP02153,-1,-1,-1,-1
SNP02154,0.97,0.026,-1,-1
SNP02155,-1,-1,-1,-1
SNP02156,-1,0.898,-1,-1
SNP02158,-1,-1,-1,-1
SNP02159,-1,-1,-1,-1
SNP02160,-1,-1,-1,-1
SNP02161,-1,-1,-1,-1
SNP02162,0.983,0.025,-1,-1
SNP02163,0.94,0.584,-1,-1
SNP02164,0.162,0.598,-1,-1
SNP02165,0.964,0.048,-1,-1
SNP02166,-1,-1,-1,-1
SNP02167,-1,0.197,-1,-1
SNP02168,0.968,0.036,-1,-1
SNP02169,-1,-1,-1,-1
SNP02173,-1,-1,-1,-1
SNP02176,-1,-1,-1,-1
SNP02178,0.987,0.037,-1,-1
SNP02180,-1,-1,-1,-1
SNP02182,-1,-1,-1,-1
SNP02210,-1,-1,-1,-1
SNP02211,-1,-1,-1,-1
SNP02213,-1,-1,-1,-1
SNP02214,-1,-1,-1,-1
SNP02223,-1,-1,-1,-1
SNP02224,-1,0.406,-1,-1
SNP02225,0.985,0.018,0.973,0.066
SNP02226,-1,-1,-1,-1
SNP02227,0.855,-1,-1,-1
SNP02228,-1,-1,-1,-1
SNP02234,0.983,0.018,-1,-1
SNP02239,0.977,0.015,-1,-1
SNP02241,-1,0.249,-1,-1
SNP02243,-1,-1,-1,-1
SNP02244,-1,-1,-1,-1
SNP02246,0.989,0.022,-1,-1
SNP02248,0.982,0.026,0.962,-1
SNP02253,0.981,0.018,-1,-1
SNP02254,0.976,0.019,-1,-1
SNP02255,-1,-1,-1,-1
SNP02256,-1,-1,-1,-1
SNP02257,-1,-1,-1,-1
SNP02259,-1,-1,-1,-1
SNP02260,-1,-1,-1,-1
SNP02262,0.97,0.015,0.947,0.043
SNP02264,0.987,0.025,-1,0.049
SNP02265,0.984,0.012,-1,-1
SNP02266,0.989,0.014,-1,-1
SNP02268,-1,0.907,-1,-1
SNP02269,-1,-1,-1,-1
SNP02271,0.98,0.017,0.969,0.046
SNP02272,-1,-1,-1,-1
SNP02273,0.985,0.026,0.963,-1
SNP02274,-1,-1,-1,-1
SNP02275,0.976,0.027,0.604,0.154
SNP02276,-1,-1,-1,-1
SNP02281,0.983,0.053,0.936,-1
SNP02285,-1,0.772,-1,-1
SNP02290,0.973,0.011,-1,-1
SNP02291,-1,-1,-1,-1
SNP02293,0.981,0.02,0.942,-1
SNP02297,0.986,0.011,-1,-1
SNP02300,-1,0.206,-1,-1
SNP02301,0.988,0.021,0.936,-1
SNP02302,0.987,0.038,-1,-1
SNP02303,-1,-1,-1,-1
SNP02305,-1,-1,-1,-1
SNP02306,0.987,0.03,0.934,-1
SNP02307,-1,-1,-1,-1
SNP02312,0.93,0.075,-1,-1
SNP02313,0.955,0.022,-1,-1
SNP02314,-1,0.116,-1,-1
SNP02315,-1,-1,-1,-1
SNP02316,0.867,0.071,-1,-1
SNP02317,-1,-1,-1,-1
SNP02318,-1,-1,-1,-1
SNP02319,-1,-1,-1,-1
SNP02322,0.97,0.04,0.867,-1
SNP02323,0.981,0.039,-1,-1
SNP02324,0.979,0.028,-1,-1
SNP02325,-1,-1,-1,-1
SNP02326,-1,-1,-1,-1
SNP02327,0.986,0.05,-1,-1
SNP02331,-1,-1,-1,-1
SNP02332,-1,0.872,-1,-1
SNP02333,0.965,0.029,-1,-1
SNP02334,-1,-1,-1,-1
SNP02335,-1,-1,-1,-1
SNP02337,-1,-1,-1,-1
SNP02338,0.982,0.048,0.946,-1
SNP02339,-1,-1,-1,-1
SNP02344,0.988,0.024,-1,-1
SNP02345,0.988,0.1,-1,-1
SNP02346,-1,-1,-1,-1
SNP02347,0.971,0.044,0.928,-1
SNP02348,-1,-1,-1,-1
SNP02350,-1,-1,-1,-1
SNP02352,-1,-1,-1,-1
SNP02354,0.919,0.067,-1,-1
SNP02355,0.672,-1,-1,-1
SNP02356,0.964,0.028,-1,-1
SNP02357,0.898,0.2,-1,-1
SNP02360,-1,-1,-1,0.703
SNP02361,-1,-1,-1,-1
SNP02362,-1,-1,-1,-1
SNP02363,0.937,0.095,-1,-1
SNP02365,-1,-1,-1,-1
SNP02368,0.93,0.071,-1,-1
SNP02372,-1,-1,-1,-1
SNP02373,-1,-1,-1,-1
SNP02376,-1,-1,-1,-1
SNP02377,-1,-1,-1,-1
SNP02378,0.979,0.049,-1,-1
SNP02379,0.982,0.021,0.939,-1
SNP02382,0.98,0.044,-1,-1
SNP02384,-1,-1,-1,-1
SNP02385,0.944,0.234,0.871,0.842
SNP02387,-1,-1,-1,-1
SNP02389,-1,-1,-1,-1
SNP02391,-1,0.874,-1,-1
SNP02395,-1,-1,-1,-1
SNP02401,0.977,0.021,-1,0.069
SNP02402,-1,-1,-1,-1
SNP02403,-1,-1,-1,-1
SNP02404,-1,-1,-1,-1
SNP02405,-1,-1,-1,-1
SNP02407,-1,-1,-1,-1
SNP02411,0.987,0.016,-1,-1
SNP02413,0.979,0.02,-1,-1
SNP02414,0.961,0.026,-1,-1
SNP02416,0.978,0.023,-1,-1
SNP02417,-1,-1,-1,-1
SNP02423,-1,-1,-1,-1
SNP02424,0.948,0.1,-1,-1
SNP02425,0.947,0.055,-1,-1
SNP02428,-1,-1,-1,-1
SNP02429,-1,-1,-1,-1
SNP02433,-1,-1,-1,-1
SNP02437,-1,-1,-1,-1
SNP02438,-1,-1,-1,-1
SNP02439,-1,-1,-1,-1
SNP02440,-1,-1,-1,-1
SNP02441,0.972,0.048,0.954,-1
SNP02448,0.11,0.504,-1,-1
SNP02449,0.979,0.015,-1,-1
SNP02450,0.945,0.026,0.909,-1
SNP02451,-1,-1,-1,-1
SNP02452,-1,0.217,-1,-1
SNP02453,0.984,0.022,-1,-1
SNP02454,0.986,0.023,-1,-1
SNP02455,0.981,0.024,-1,-1
SNP02456,0.899,-1,-1,-1
SNP02471,0.903,0.048,-1,-1
SNP02474,0.982,0.028,0.977,0.029
SNP02475,-1,-1,-1,-1
SNP02480,-1,-1,-1,-1
SNP02481,0.736,0.243,-1,-1
SNP02482,-1,-1,-1,-1
SNP02487,-1,-1,-1,-1
SNP02489,-1,-1,-1,-1
SNP02492,0.97,0.051,0.964,-1
SNP02493,-1,-1,-1,-1
SNP02495,0.308,-1,-1,-1
SNP02496,-1,-1,-1,-1
SNP02497,-1,-1,-1,-1
SNP02498,0.968,0.026,-1,-1
SNP02499,-1,-1,-1,-1
SNP02500,0.716,0.777,-1,-1
SNP02502,0.983,0.025,-1,-1
SNP02505,0.982,0.011,-1,-1
SNP02508,0.985,0.057,0.964,0.031
SNP02509,0.983,0.017,0.97,-1
SNP02510,0.365,0.378,-1,-1
SNP02511,0.967,0.038,0.969,0.05
SNP02517,-1,0.235,-1,-1
SNP02518,0.981,0.014,0.989,0.024
SNP02519,0.983,0.031,0.976,0.035
SNP02520,-1,-1,-1,-1
SNP02522,-1,-1,-1,-1
SNP02523,0.982,0.05,0.972,0.041
SNP02524,0.664,0.061,0.925,0.051
SNP02525,-1,-1,-1,-1
SNP02526,-1,-1,-1,-1
SNP02527,0.976,0.083,-1,0.036
SNP02528,-1,-1,-1,-1
SNP02529,-1,-1,-1,-1
SNP02536,0.982,0.033,-1,0.033
SNP02538,-1,-1,-1,-1
SNP02539,0.968,0.017,0.388,0.022
SNP02540,-1,-1,-1,-1
SNP02541,-1,-1,-1,-1
SNP02545,0.987,0.027,0.983,0.044
SNP02546,0.985,0.031,0.991,0.026
SNP02554,-1,0.84,-1,-1
SNP02555,-1,0.113,-1,-1
SNP02558,0.987,0.019,0.981,0.029
SNP02560,0.987,0.017,0.979,0.018
SNP02562,-1,0.146,-1,-1
SNP02564,0.976,0.048,0.975,0.05
SNP02565,-1,0.267,-1,-1
SNP02566,0.987,0.029,0.978,0.02
SNP02567,0.2,0.415,-1,-1
SNP02569,0.985,0.038,0.962,0.054
SNP02573,0.979,0.023,0.975,0.02
SNP02574,0.981,0.019,0.978,0.344
SNP02584,-1,0.179,-1,-1
SNP02585,0.98,0.016,-1,0.193
SNP02586,0.986,0.012,-1,0.209
SNP02591,0.983,0.02,-1,0.013
SNP02592,-1,0.093,-1,-1
SNP02593,0.967,0.039,0.906,0.095
SNP02594,0.98,0.029,-1,-1
SNP02600,-1,0.067,-1,-1
SNP02601,0.983,0.014,0.953,0.03
SNP02602,-1,0.067,-1,-1
SNP02603,-1,-1,-1,-1
SNP02605,-1,-1,-1,-1
SNP02607,-1,0.076,-1,-1
SNP02609,-1,-1,-1,-1
SNP02614,-1,0.113,-1,-1
SNP02615,-1,-1,-1,-1
SNP02616,0.839,0.101,-1,-1
SNP02619,0.908,0.183,-1,-1
SNP02621,0.96,0.037,-1,-1
SNP02622,-1,-1,-1,-1
SNP02625,0.91,0.032,0.877,0.061
SNP02626,-1,-1,-1,-1
SNP02630,-1,-1,-1,-1
SNP02632,0.865,0.077,-1,-1
SNP02633,0.925,0.063,0.97,0.048
SNP02634,-1,-1,-1,-1
SNP02638,0.975,0.024,-1,0.024
SNP02639,-1,0.201,-1,-1
SNP02642,-1,-1,-1,-1
SNP02643,0.968,0.022,-1,-1
SNP02644,0.974,0.04,-1,-1
SNP02645,-1,-1,-1,-1
SNP02646,-1,-1,-1,-1
SNP02649-45,0.968,0.013,0.901,0.036
SNP02650,-1,-1,-1,-1
SNP02651,-1,-1,-1,-1
SNP02652,-1,-1,-1,-1
SNP02653,-1,-1,-1,-1
SNP02654,0.067,-1,-1,-1
SNP02655,-1,-1,-1,-1
SNP02660,0.981,0.012,-1,-1
SNP02661,0.579,0.509,-1,-1
SNP02664,0.781,-1,-1,-1
SNP02665,0.978,0.019,-1,-1
SNP02666,-1,0.917,-1,-1
SNP02668,0.922,0.113,-1,-1
SNP02670,-1,0.937,-1,-1
SNP02671,-1,-1,-1,-1
SNP02674,-1,-1,-1,-1
SNP02675,-1,0.096,-1,-1
SNP02676,0.978,0.04,-1,-1
SNP02677,0.986,0.014,-1,0.027
SNP02678,0.973,0.015,-1,0.05
SNP02679,-1,-1,-1,-1
SNP02680,0.819,0.219,0.513,0.592
SNP02684,0.973,0.016,0.955,0.038
SNP02685,-1,-1,-1,-1
SNP02686,0.979,0.041,0.975,0.479
SNP02687,0.948,0.116,0.965,0.021
SNP02688,0.98,0.016,0.951,0.041
SNP02689,-1,-1,-1,-1
SNP02695,0.958,0.037,-1,0.721
SNP02703,-1,-1,-1,-1
SNP02704,-1,0.82,-1,-1
SNP02716,-1,-1,-1,-1
SNP02719,0.83,0.091,-1,-1
SNP02720,-1,0.149,-1,-1
SNP02721,-1,-1,-1,-1
SNP02722,0.965,0.239,-1,-1
SNP02723,0.926,0.067,-1,-1
SNP02724,-1,-1,-1,-1
SNP02725,0.951,0.941,0.929,0.328
SNP02726,-1,-1,-1,-1
SNP02728,-1,-1,-1,-1
SNP02729,-1,-1,-1,-1
SNP02730,0.307,-1,-1,-1
SNP02731,0.895,0.08,-1,-1
SNP02732,0.974,0.015,-1,0.028
SNP02733,0.963,0.025,-1,-1
SNP02735,0.805,0.042,-1,-1
SNP02736,0.981,0.039,0.961,0.042
SNP02737,-1,0.854,-1,0.021
SNP02738,0.973,0.036,0.957,0.022
SNP02739,-1,-1,-1,-1
SNP02742,-1,-1,-1,-1
SNP02744,0.883,0.032,-1,-1
SNP02745,0.962,0.024,0.964,0.04
SNP02746,-1,-1,-1,-1
SNP02749,-1,-1,-1,-1
SNP02751,-1,-1,-1,-1
SNP02753,0.656,0.156,-1,-1
SNP02754,-1,-1,-1,-1
SNP02755,-1,-1,-1,-1
SNP02756,0.735,0.116,-1,-1
SNP02757,-1,-1,-1,-1
SNP02758,-1,0.091,-1,0.358
SNP02759,-1,-1,-1,-1
SNP02760,-1,-1,-1,-1
SNP02761,-1,-1,-1,-1
SNP02762,-1,0.067,-1,-1
SNP02763,-1,-1,-1,-1
SNP02766,0.835,0.018,-1,-1
SNP02772,0.811,0.115,-1,-1
SNP02778,0.965,0.039,-1,-1
SNP02788,0.966,0.051,-1,-1
SNP02789,-1,0.147,-1,-1
SNP02790,-1,-1,-1,0.065
SNP02796,0.974,0.009,-1,-1
SNP02797,-1,-1,-1,-1
SNP02798,0.422,0.013,-1,0.037
SNP02801,0.977,0.017,-1,-1
SNP02804,0.979,0.03,-1,-1
SNP02805,-1,-1,-1,-1
SNP02806,-1,0.849,-1,-1
SNP02807,0.976,0.021,-1,-1
SNP02813,-1,-1,-1,0.935
SNP02815,-1,-1,-1,-1
SNP02817,-1,-1,-1,-1
SNP02819,-1,-1,-1,-1
SNP02820,-1,-1,-1,-1
SNP02821,-1,-1,-1,-1
SNP02828,0.945,0.038,-1,-1
SNP02829,-1,0.217,-1,-1
SNP02830,-1,-1,-1,-1
SNP02834,0.795,-1,-1,-1
SNP02835,-1,-1,-1,-1
SNP02836,0.933,0.101,-1,-1
SNP02837,0.955,0.028,-1,-1
SNP02838,0.844,0.175,-1,-1
SNP02839,-1,-1,-1,-1
SNP02840,-1,-1,-1,-1
SNP02841,-1,-1,-1,-1
SNP02842,0.955,0.058,-1,-1
SNP02843,0.938,0.04,-1,-1
SNP02844,-1,0.132,-1,-1
SNP02845,0.958,0.041,-1,-1
SNP02846,-1,-1,-1,-1
SNP02847,-1,-1,-1,-1
SNP02850,0.913,-1,-1,-1
SNP02851,0.923,0.234,-1,-1
SNP02852,0.965,0.129,-1,-1
SNP02853,-1,-1,-1,-1
SNP02854,-1,-1,-1,-1
SNP02855,-1,-1,-1,-1
SNP02856,0.946,0.149,-1,-1
SNP02857,-1,-1,-1,-1
SNP02858,-1,-1,-1,-1
SNP02859,-1,-1,-1,-1
SNP02871,0.308,-1,-1,-1
SNP02872,0.962,0.076,-1,-1
SNP02919,-1,-1,-1,-1
SNP02920,0.922,0.063,-1,-1
SNP02922,0.913,0.078,-1,-1
SNP02923,0.894,0.135,-1,-1
SNP02924,-1,0.868,-1,-1
SNP02925,-1,-1,-1,-1
SNP02926,-1,-1,-1,-1
SNP02930,0.827,-1,-1,-1
SNP02931,0.961,0.056,-1,-1
SNP02932,-1,-1,-1,-1
SNP02933,0.656,-1,-1,-1
SNP02936,0.974,-1,-1,-1
SNP02938,0.91,0.03,-1,-1
SNP02939,-1,-1,-1,-1
SNP02943,0.977,0.061,-1,-1
SNP02944,-1,-1,-1,-1
SNP02946,0.965,0.1,-1,-1
SNP02947,0.936,-1,-1,-1
SNP02948,-1,-1,-1,-1
SNP02950,-1,-1,-1,-1
SNP02951,0.979,0.063,-1,-1
SNP02952,-1,-1,-1,-1
SNP02953,0.949,0.464,-1,-1
SNP02954,-1,-1,-1,-1
SNP02955,-1,-1,-1,-1
SNP02966,0.967,0.065,-1,-1
SNP02967,-1,-1,-1,-1
SNP02968,-1,-1,-1,-1
SNP02970,0.943,0.039,0.124,0.51
SNP02971,0.89,-1,-1,-1
SNP02972,-1,-1,-1,-1
SNP02973,0.968,0.041,-1,-1
SNP02974,-1,-1,-1,-1
SNP02977,-1,-1,-1,-1
SNP02978,0.871,0.16,-1,-1
SNP02979,0.771,0.507,-1,-1
SNP02980,-1,-1,-1,-1
SNP02984,-1,-1,-1,-1
SNP02985,0.95,0.04,-1,-1
SNP02986,0.898,-1,-1,-1
SNP02987,-1,-1,-1,-1
SNP02988,0.979,0.029,-1,-1
SNP02992,0.946,0.038,-1,-1
SNP02993,-1,-1,-1,-1
SNP02994,-1,-1,-1,-1
SNP02999,-1,-1,-1,-1
SNP03002,-1,-1,-1,-1
SNP03003,-1,-1,-1,-1
SNP03004,0.969,0.101,-1,-1
SNP03005,0.918,0.099,-1,-1
SNP03006,0.871,-1,-1,-1
SNP03007,0.865,0.05,-1,-1
SNP03008,-1,-1,-1,-1
SNP03009,-1,-1,-1,-1
SNP03010,-1,-1,-1,-1
SNP03011,-1,-1,-1,-1
SNP03012,-1,-1,-1,-1
SNP03013,-1,-1,-1,-1
SNP03014,-1,-1,-1,-1
SNP03017,0.97,0.085,-1,-1
SNP03018,0.78,0.084,-1,-1
SNP03019,-1,-1,-1,-1
SNP03021,-1,-1,-1,-1
SNP03022,-1,0.776,-1,-1
SNP03023,0.89,0.077,-1,-1
SNP03024,0.907,0.03,-1,-1
SNP03025,-1,-1,-1,-1
SNP03026,0.956,0.054,-1,-1
SNP03033,-1,-1,-1,-1
SNP03034,0.402,0.503,0.45,0.502
SNP03035,0.967,0.02,-1,-1
SNP03036,-1,-1,-1,-1
SNP03037,0.974,0.032,-1,-1
SNP03040,0.984,0.04,-1,-1
SNP03041,0.982,0.023,-1,-1
SNP03046,-1,-1,-1,-1
SNP03048,-1,0.117,-1,-1
SNP03055,0.981,0.021,-1,-1
SNP03056,0.959,0.028,-1,-1
SNP03064,-1,-1,-1,-1
SNP03065,0.954,0.064,-1,-1
SNP03066,-1,-1,-1,-1
SNP03067,-1,-1,-1,-1
SNP03069,0.876,0.039,-1,-1
SNP03072,0.949,0.177,-1,-1
SNP03074,0.974,0.092,-1,-1
SNP03081,-1,-1,-1,-1
SNP03088,-1,-1,-1,-1
SNP03089,-1,0.095,-1,-1
SNP03090,-1,-1,-1,-1
SNP03099,0.975,0.053,-1,-1
SNP03114,0.94,0.042,-1,-1
SNP03120,0.812,-1,-1,-1
SNP03134,-1,-1,-1,-1
SNP03136,-1,-1,-1,-1
SNP03142,-1,-1,-1,-1
SNP03143,0.962,0.029,-1,-1
SNP03148,0.976,0.1,-1,-1
SNP03152,0.953,0.032,-1,-1
SNP03157,-1,-1,-1,-1
SNP03158,0.969,0.74,-1,-1
SNP03159,-1,-1,-1,-1
SNP03160,-1,-1,-1,-1
SNP03161,-1,-1,-1,-1
SNP03162,-1,0.794,-1,-1
SNP03163,0.896,0.046,-1,-1
SNP03188,-1,-1,-1,-1
SNP03192,0.984,0.049,-1,-1
SNP03198,-1,-1,-1,-1
SNP03200,0.981,0.04,-1,-1
SNP03201,-1,-1,-1,-1
SNP03204,-1,-1,-1,-1
SNP03205,0.957,0.043,-1,-1
SNP03206,-1,-1,-1,-1
SNP03208,-1,-1,-1,-1
SNP03209,0.975,0.065,-1,-1
SNP03222,-1,0.864,-1,-1
SNP03223,0.985,0.053,-1,-1
SNP03224,-1,-1,-1,-1
SNP03237,0.951,0.214,-1,-1
SNP03238,-1,-1,-1,-1
SNP03240,0.961,0.064,-1,-1
SNP03241,0.983,0.043,-1,-1
SNP03242,-1,-1,-1,-1
SNP03243,-1,-1,-1,-1
SNP03244,0.965,0.126,-1,-1
SNP03245,-1,-1,-1,-1
SNP03246,-1,-1,-1,-1
SNP03247,-1,-1,-1,-1
SNP03249,-1,-1,-1,-1
SNP03250,0.921,-1,-1,-1
SNP03251,-1,-1,-1,-1
SNP03252,-1,-1,-1,-1
SNP03254,0.941,0.066,-1,-1
SNP03255,0.95,0.051,-1,-1
SNP03256,0.871,0.109,-1,-1
SNP03257,-1,-1,-1,-1
SNP03258,-1,0.29,-1,-1
SNP03259,0.952,0.153,-1,-1
SNP03261,-1,-1,-1,-1
SNP03262,-1,-1,-1,-1
SNP03263,-1,-1,-1,-1
SNP03264,-1,-1,-1,-1
SNP03265,-1,0.859,-1,-1
SNP03266,-1,0.574,-1,-1
SNP03267,-1,-1,-1,-1
SNP03268,0.887,0.054,-1,-1
SNP03342,0.902,0.093,-1,-1
SNP03348,-1,-1,-1,-1
SNP03351,-1,-1,-1,-1
SNP03352,-1,-1,-1,-1
SNP03355,-1,-1,-1,-1
SNP03356,-1,-1,-1,-1
SNP03357,0.927,0.218,-1,-1
SNP03358,-1,-1,-1,-1
SNP03359,-1,-1,-1,-1
SNP03360,0.921,0.085,-1,-1
SNP03361,-1,-1,-1,-1
SNP03362,0.866,-1,-1,-1
SNP03363,-1,0.074,-1,-1
SNP03364,-1,-1,-1,-1
SNP03365,0.807,-1,-1,-1
SNP03366,0.87,-1,-1,-1
SNP03369,0.903,-1,-1,-1
SNP03438,-1,-1,-1,-1
SNP03439,-1,-1,-1,-1
SNP03442,-1,-1,-1,-1
SNP03443,-1,-1,-1,-1
SNP03445,-1,-1,-1,-1
SNP03446,-1,-1,-1,-1
SNP03453,-1,0.749,-1,-1
SNP03455,-1,-1,-1,-1
SNP03456,-1,-1,-1,-1
SNP03457,-1,-1,-1,-1
SNP03459,-1,-1,-1,-1
SNP03460,-1,-1,-1,-1
SNP03461,-1,-1,-1,-1
SNP03462,-1,-1,-1,-1
SNP03463,0.136,0.142,0.114,0.16
SNP03464,-1,-1,-1,-1
SNP03465,-1,-1,-1,-1
SNP03467,-1,-1,-1,-1
SNP03468,-1,-1,-1,-1
SNP03469,0.771,0.887,-1,-1
SNP03470,-1,-1,-1,-1
SNP03471,0.911,-1,-1,-1
SNP03475,-1,-1,-1,-1
SNP03476,-1,-1,-1,-1
SNP03477,-1,-1,-1,-1
SNP03482,-1,-1,-1,-1
SNP03483,-1,-1,-1,-1
SNP03485,-1,0.84,-1,-1
SNP03522,0.18,0.087,-1,-1
SNP03523,-1,-1,-1,-1
SNP03524,-1,-1,-1,-1
SNP03525,-1,0.827,-1,-1
SNP03529,-1,-1,-1,-1
SNP03533,-1,-1,-1,-1
SNP03535,-1,-1,-1,-1
SNP03543,-1,-1,-1,-1
SNP03593,-1,-1,-1,-1
SNP03594,-1,-1,-1,-1
SNP03596,-1,-1,-1,-1
SNP03597,-1,-1,-1,-1
SNP03598,-1,-1,-1,-1
SNP03656,-1,-1,-1,-1
SNP03660,-1,-1,-1,-1
SNP03663,-1,-1,-1,-1
SNP03664,-1,-1,-1,-1
SNP03665,-1,-1,-1,-1
SNP03666,-1,-1,-1,-1
SNP03667,-1,-1,-1,-1
SNP03671,-1,-1,-1,-1
SNP03672,-1,-1,-1,-1
SNP03679,-1,-1,-1,-1
SNP03680,-1,-1,-1,-1
SNP03681,-1,-1,-1,-1
SNP03682,0.447,0.51,-1,-1
SNP03683,-1,-1,-1,-1
SNP03684,-1,-1,-1,-1
SNP03686,-1,0.124,-1,-1
SNP03691,-1,0.127,-1,-1
SNP03692,-1,-1,-1,-1
SNP03693,-1,-1,-1,-1
SNP03694,-1,-1,-1,-1
SNP03696,-1,-1,-1,-1
SNP03697,-1,-1,-1,-1
SNP03699,-1,-1,-1,-1
SNP03700,-1,-1,-1,-1
SNP03701,-1,0.056,-1,-1
SNP03702,-1,-1,-1,-1
SNP03703,-1,-1,-1,-1
SNP03704,-1,-1,-1,-1
SNP03707,-1,-1,-1,-1
SNP03709,-1,-1,-1,-1
SNP03710,-1,-1,-1,-1
SNP03711,-1,-1,-1,-1
SNP03712,-1,-1,-1,-1
SNP03713,-1,-1,-1,-1
SNP03716,-1,0.348,-1,-1
SNP03717,-1,-1,-1,-1
SNP03719,0.202,-1,-1,-1
SNP03720,-1,-1,-1,-1
SNP03721,-1,-1,-1,-1
SNP03723,0.574,0.65,-1,-1
SNP03724,-1,0.136,-1,-1
SNP03725,0.1,-1,-1,-1
SNP03726,0.81,0.084,-1,-1
SNP03727,-1,-1,-1,-1
SNP03728,-1,-1,-1,-1
SNP03729,-1,0.084,-1,-1
SNP03730,0.042,-1,-1,-1
SNP03731,0.886,-1,-1,-1
SNP03732,-1,-1,-1,-1
SNP03733,-1,-1,-1,-1
SNP03734,-1,-1,-1,-1
SNP03735,-1,-1,-1,-1
SNP03738,-1,0.101,-1,-1
SNP03740,-1,0.057,-1,-1
SNP03741,-1,0.117,-1,-1
SNP03742,-1,0.182,-1,-1
SNP03743,-1,-1,-1,-1
SNP03744,-1,-1,-1,-1
SNP03745,-1,0.117,-1,-1
SNP03746,0.894,0.073,-1,-1
SNP03750,0.237,0.475,-1,-1
SNP03751,-1,-1,-1,-1
SNP03752,-1,-1,-1,-1
SNP03755,0.815,-1,-1,-1
SNP03756,-1,-1,-1,-1
SNP03772,-1,-1,-1,-1
SNP03775,-1,-1,-1,-1
SNP03777,-1,-1,-1,-1
SNP03779,-1,-1,-1,-1
SNP03784,-1,-1,-1,-1
SNP03790,-1,0.045,-1,-1
SNP03802,-1,-1,-1,-1
SNP03806,-1,-1,-1,-1
SNP03809,-1,-1,-1,-1
SNP03812,-1,-1,-1,-1
SNP03813,-1,-1,-1,-1
SNP03815,0.094,-1,-1,-1
SNP03816,-1,-1,-1,-1
SNP03824,-1,-1,-1,-1
SNP03827,-1,-1,-1,-1
SNP03828,-1,-1,-1,-1
SNP03837,-1,-1,-1,-1
SNP03838,-1,-1,-1,-1
SNP03839,-1,-1,-1,-1
SNP03840,-1,-1,-1,-1
SNP03853,-1,-1,-1,-1
SNP03870,-1,0.626,-1,-1
SNP03871,-1,-1,-1,-1
SNP03872,-1,-1,-1,-1
SNP03873,-1,-1,-1,-1
SNP03877,0.149,0.064,-1,-1
SNP03879,-1,-1,-1,-1
SNP03880,0.039,0.236,-1,-1
SNP03882,-1,0.138,-1,-1
SNP03883,-1,-1,-1,-1
SNP03885,0.913,0.083,-1,-1
SNP03886,-1,-1,-1,-1
SNP03887,-1,-1,-1,-1
SNP03888,-1,-1,-1,-1
SNP03891,-1,-1,-1,-1
SNP03892,-1,-1,-1,-1
SNP03893,-1,-1,-1,-1
SNP03894,-1,0.167,-1,-1
SNP03895,0.32,0.221,-1,-1
SNP03896,-1,-1,-1,-1
SNP03897,-1,0.112,-1,-1
SNP03898,-1,-1,-1,-1
SNP03903,-1,-1,-1,-1
SNP03904,-1,-1,-1,-1
SNP03910,-1,-1,-1,-1
SNP04006,-1,-1,-1,-1
SNP04011,0.56,0.624,-1,-1
SNP04012,0.83,-1,-1,-1
SNP04013,0.908,0.244,-1,-1
SNP04014,-1,-1,-1,-1
SNP04043,-1,-1,-1,-1
SNP04045,0.553,0.434,-1,-1
SNP04046,0.962,0.197,-1,-1
SNP04048,0.97,0.094,-1,-1
SNP04049,-1,-1,-1,-1
SNP04050,0.934,0.058,-1,-1
SNP04054,-1,-1,-1,-1
SNP04059,-1,-1,-1,-1
SNP04060,-1,-1,-1,-1
SNP04074,0.936,0.114,-1,-1
SNP04075,0.905,-1,-1,-1
SNP04076,-1,-1,-1,-1
SNP04077,-1,-1,-1,-1
SNP04080,-1,-1,-1,-1
SNP04081,0.895,0.181,-1,-1
SNP04082,0.95,0.111,-1,-1
SNP04083,-1,-1,-1,-1
SNP04087,-1,0.222,-1,-1
SNP04096,0.925,0.074,-1,-1
SNP04101,0.957,0.04,-1,-1
SNP04102,-1,-1,-1,-1
SNP04103,-1,-1,-1,-1
SNP04105,0.964,0.021,-1,-1
SNP04106,0.979,0.13,-1,-1
SNP04108,-1,-1,-1,-1
SNP04117,0.922,0.145,-1,-1
SNP04119,-1,0.086,-1,-1
SNP04120,-1,-1,-1,-1
SNP04121,0.845,0.218,-1,-1
SNP04122,0.937,0.023,-1,-1
SNP04123,0.867,0.044,-1,-1
SNP04129,0.144,0.124,-1,-1
SNP04130,-1,-1,-1,-1
SNP04131,-1,-1,-1,-1
SNP04135,-1,0.112,-1,-1
SNP04136,0.891,0.109,-1,-1
SNP04139,-1,-1,0.069,-1
SNP04141,-1,-1,-1,-1
SNP04142,-1,-1,-1,-1
SNP04144,0.408,0.514,-1,-1
SNP04150,-1,-1,-1,-1
SNP04153,-1,0.728,-1,-1
SNP04158,-1,-1,-1,-1
SNP04163,0.903,0.079,-1,-1
SNP04174,0.953,0.09,-1,-1
SNP04179,-1,-1,-1,-1
SNP04180,0.917,0.079,-1,-1
SNP04183,-1,-1,-1,-1
SNP04184,0.902,0.078,-1,-1
SNP04195,0.825,0.043,-1,-1
SNP04197,0.96,0.023,-1,-1
SNP04198,0.413,0.13,0.3,0.283
SNP04200,0.914,0.042,-1,-1
SNP04203,-1,-1,-1,-1
SNP04204,-1,0.264,-1,-1
SNP04211,-1,-1,-1,-1
SNP04212,-1,-1,-1,-1
SNP04214,0.908,0.303,-1,-1
SNP04219,0.964,0.045,-1,-1
SNP04221,-1,-1,-1,-1
SNP04225,-1,-1,-1,-1
SNP04227,0.979,0.28,-1,-1
SNP04228,-1,-1,-1,-1
SNP04230,0.78,0.819,-1,-1
SNP04231,-1,-1,-1,-1
SNP04232,-1,0.238,-1,-1
SNP04234,-1,-1,-1,-1
SNP04236,0.901,0.08,-1,-1
SNP04237,-1,-1,-1,-1
SNP04239,-1,-1,-1,-1
SNP04240,-1,-1,-1,-1
SNP04241,-1,-1,-1,-1
SNP04242,-1,-1,-1,-1
SNP04243,-1,0.129,-1,-1
SNP04251,-1,-1,-1,-1
SNP04252,0.933,-1,-1,-1
SNP04258,-1,-1,-1,-1
SNP04264,0.879,0.105,-1,-1
SNP04265,-1,-1,-1,-1
SNP04266,-1,-1,-1,-1
SNP04267,0.821,0.1,-1,0.59
SNP04268,0.875,-1,-1,-1
SNP04270,0.885,0.078,-1,-1
SNP04271,0.911,0.134,0.895,-1
SNP04272,-1,-1,-1,-1
SNP04273,0.811,0.071,0.957,0.234
SNP04274,0.949,0.283,-1,0.091
SNP04275,-1,0.071,-1,-1
SNP04277,0.863,0.07,-1,-1
SNP04278,-1,-1,-1,-1
SNP04279,-1,-1,-1,-1
SNP04280,0.668,0.087,-1,-1
SNP04283,-1,-1,-1,-1
SNP04284,0.235,-1,-1,-1
SNP04286,0.931,0.054,-1,-1
SNP04288,0.887,0.412,0.873,0.541
SNP04289,-1,-1,-1,-1
SNP04290,-1,-1,-1,-1
SNP04291,-1,0.063,-1,-1
SNP04292,-1,-1,-1,-1
SNP04293,0.958,0.081,-1,-1
SNP04295,0.634,0.027,-1,-1
SNP04296,0.874,0.073,-1,-1
SNP04297,0.771,0.13,0.519,0.516
SNP04302,0.507,0.083,-1,-1
SNP04306,0.9,0.03,0.927,0.207
SNP04308,-1,-1,-1,-1
SNP04310,0.886,0.028,-1,-1
SNP04312,-1,0.839,-1,0.71
SNP04313,-1,-1,-1,-1
SNP04314,-1,0.097,-1,-1
SNP04315,-1,-1,-1,-1
SNP04316,0.91,0.022,-1,-1
SNP04317,0.798,0.074,-1,-1
SNP04319,-1,-1,-1,-1
SNP04320,-1,0.897,-1,-1
SNP04321,-1,-1,-1,-1
SNP04322,-1,-1,-1,-1
SNP04323,-1,-1,-1,-1
SNP04324,-1,-1,-1,-1
SNP04325,0.842,0.051,-1,-1
SNP04326,-1,-1,-1,-1
SNP04327,0.851,0.066,0.943,-1
SNP04328,0.306,0.042,0.411,-1
SNP04329,-1,-1,-1,-1
SNP04330,-1,-1,-1,-1
SNP04331,0.848,0.1,0.628,-1
SNP04332,-1,0.663,-1,-1
SNP04333,0.876,0.418,-1,-1
SNP04358,-1,0.213,-1,-1
SNP04359,-1,0.163,-1,-1
SNP04360,-1,0.238,-1,-1
SNP04361,-1,-1,-1,-1
SNP04362,-1,-1,-1,-1
SNP04363,-1,-1,-1,-1
SNP04366,-1,-1,-1,-1
SNP04367,0.748,0.103,0.26,0.118
SNP04368,0.898,0.492,0.488,0.788
SNP04369,0.917,0.168,0.581,0.681
SNP04380,-1,-1,-1,-1
SNP04381,0.843,0.218,0.587,0.407
SNP04382,0.823,0.26,0.484,0.395
SNP04383,0.978,0.026,-1,-1
SNP04390,0.974,0.016,-1,-1
SNP04391,0.27,0.926,0.947,0.663
SNP04392,0.984,0.017,-1,-1
SNP04396,0.974,0.024,-1,-1
SNP04398,0.987,0.022,0.955,-1
SNP04400,0.982,0.084,0.972,-1
SNP04401-32,0.065,0.703,0.345,0.374
SNP04407,0.113,0.838,0.262,0.281
SNP04408,0.154,0.868,0.565,0.606
SNP04409,0.987,0.043,0.966,-1
SNP04410,0.066,0.711,0.287,0.257
SNP04411,0.156,0.943,0.713,0.736
SNP04412,0.983,0.036,-1,-1
SNP04413,0.966,0.045,-1,-1
SNP04414,0.045,0.968,0.044,0.479
SNP04415,0.984,0.031,-1,-1
SNP04416,0.988,0.05,-1,-1
SNP04418,0.972,0.033,-1,-1
SNP04419,0.946,0.034,-1,-1
SNP04420,0.089,0.929,0.713,0.761
SNP04421,0.02,0.96,0.509,0.298
SNP04432,0.989,0.051,-1,-1
SNP04433,0.074,0.908,0.668,0.667
SNP04434,0.07,0.944,0.496,0.507
SNP04435,0.065,0.941,0.663,0.697
SNP04436,0.036,0.912,0.414,0.296
SNP04437,0.082,0.962,0.528,0.575
SNP04438,0.967,0.067,0.906,-1
SNP04439,0.986,0.036,0.97,-1
SNP04440,0.981,0.028,0.96,-1
SNP04441,0.985,0.024,0.975,-1
SNP04443,0.091,0.964,0.625,0.638
SNP04444,0.978,0.013,-1,-1
SNP04445,0.986,0.025,0.946,0.416
SNP04448,0.254,0.942,0.776,0.734
SNP04449,0.127,0.901,0.457,0.394
SNP04451,0.962,0.037,0.957,-1
SNP04452,0.975,0.109,-1,-1
SNP04453,0.069,0.951,0.892,0.822
SNP04455,0.988,0.022,-1,-1
SNP04457,0.906,0.04,-1,-1
SNP04460,0.022,0.954,0.556,0.552
SNP04461,0.063,0.95,0.756,0.678
SNP04462,0.988,0.016,-1,-1
SNP04463,0.066,0.748,0.38,0.486
SNP04468,0.981,0.035,0.953,-1
SNP04469,0.158,-1,-1,0.831
SNP04471,-1,0.797,-1,-1
SNP04508,0.987,0.041,-1,-1
SNP04509,0.985,0.027,0.953,-1
SNP04517,0.137,-1,-1,-1
SNP04519,0.98,0.042,-1,-1
SNP04520,0.077,0.176,0.352,0.194
SNP04521,0.044,-1,0.045,-1
SNP04522,0.985,0.028,-1,-1
SNP04523,0.128,0.901,0.966,0.017
SNP04524,0.047,0.921,0.35,0.545
SNP04525,-1,-1,-1,-1
SNP04526,-1,0.412,-1,-1
SNP04531,0.911,0.097,-1,-1
SNP04533,0.958,0.044,-1,-1
SNP04534,0.877,0.099,-1,-1
SNP04535,0.192,0.971,0.517,0.429
SNP04536,0.194,-1,-1,0.958
SNP04537,0.904,0.177,0.403,0.349
SNP04538,0.976,0.646,-1,-1
SNP04539,-1,-1,-1,-1
SNP04549,0.982,0.028,-1,-1
SNP04552,0.961,0.099,-1,-1
SNP04553,0.937,0.038,-1,-1
SNP04554,0.964,0.022,-1,-1
SNP04555,-1,-1,-1,-1
SNP04557,0.95,0.052,-1,-1
SNP04558,-1,-1,-1,-1
SNP04559,-1,-1,-1,0.948
SNP04560,-1,-1,-1,-1
SNP04562,0.982,0.017,-1,-1
SNP04564,0.974,0.036,-1,-1
SNP04565,0.013,-1,-1,-1
SNP04566,0.943,0.05,-1,-1
SNP04567,0.986,0.035,-1,-1
SNP04568,-1,-1,-1,-1
SNP04571,-1,-1,-1,-1
SNP04572,0.978,0.075,-1,-1
SNP04573,0.98,0.014,-1,-1
SNP04575,-1,-1,-1,-1
SNP04576,0.974,0.029,-1,-1
SNP04578,0.946,0.035,-1,-1
SNP04579,0.972,0.037,-1,-1
SNP04582,-1,-1,-1,-1
SNP04583,0.964,0.069,-1,-1
SNP04584,0.975,0.025,-1,-1
SNP04585,-1,-1,-1,-1
SNP04588,-1,-1,-1,-1
SNP04589,-1,-1,-1,-1
SNP04590,0.441,0.463,-1,0.348
SNP04592,-1,-1,-1,-1
SNP04600,-1,-1,-1,-1
SNP04603,-1,-1,-1,-1
SNP04617,0.961,0.074,-1,-1
SNP04632,-1,0.825,-1,-1
SNP04664,0.961,0.03,-1,-1
SNP04671,0.469,0.184,-1,-1
SNP04693,-1,-1,-1,-1
SNP04699,0.898,0.063,-1,-1
SNP04935,-1,-1,-1,-1
SNP04971,-1,-1,-1,-1
SNP05451,0.974,0.123,-1,-1
SNP05452,-1,-1,-1,-1
SNP05456,-1,-1,-1,-1
SNP05459,0.982,0.049,-1,-1
SNP05465,-1,-1,-1,-1
SNP05519,0.931,0.136,0.12,-1
SNP05520,0.878,0.287,-1,-1
SNP05521,-1,-1,-1,-1
SNP05527,0.101,-1,-1,0.041
SNP05529,0.963,0.086,-1,-1
SNP05530,-1,-1,-1,-1
SNP05533,-1,-1,-1,-1
SNP05535,0.957,0.063,-1,-1
SNP05536,-1,-1,-1,-1
SNP05537,-1,-1,-1,-1
SNP05538,-1,-1,-1,-1
SNP05539,0.981,0.015,-1,-1
SNP05540,0.965,0.042,-1,-1
SNP05541,0.975,0.069,-1,-1
SNP05545,-1,-1,-1,-1
SNP05546,0.969,0.12,-1,-1
SNP05547,-1,-1,-1,-1
SNP05576,0.96,0.05,-1,-1
SNP05577,-1,-1,-1,-1
SNP05578,0.074,0.385,-1,-1
SNP05593,0.923,0.095,0.336,0.304
SNP05594,-1,-1,-1,-1
SNP05596,-1,-1,-1,-1
SNP05597,0.97,0.062,-1,-1
SNP05598,0.957,0.081,-1,-1
SNP05603,0.954,-1,-1,-1
SNP05604,-1,-1,-1,-1
SNP05605,-1,-1,-1,-1
SNP05613,0.908,-1,-1,-1
SNP05614,0.978,0.071,-1,-1
SNP05616,-1,-1,-1,-1
SNP05637,0.272,0.17,-1,-1
SNP05638,-1,-1,-1,-1
SNP05639,-1,-1,-1,-1
SNP05641,-1,-1,-1,-1
SNP05647,-1,0.19,-1,-1
SNP05649,-1,-1,-1,-1
SNP05655,-1,-1,-1,-1
SNP05657,-1,0.188,0.504,0.586
SNP05659,-1,-1,-1,-1
SNP05660,0.947,0.066,-1,-1
SNP05661,-1,-1,-1,-1
SNP05662,0.885,0.071,-1,-1
SNP05663,-1,-1,-1,-1
SNP05664,-1,0.779,-1,-1
SNP05665,0.967,0.065,-1,-1
SNP05666,-1,-1,-1,-1
SNP05667,-1,0.122,-1,-1
SNP05668,-1,-1,-1,-1
SNP05669,-1,-1,-1,-1
SNP05670,-1,-1,-1,-1
SNP05672,-1,-1,-1,-1
SNP05674,0.98,0.021,-1,-1
SNP05679,-1,-1,-1,-1
SNP05680,-1,0.202,-1,-1
SNP05683,0.947,0.046,-1,-1
